frame,P0_L_Elbow,P0_L_Hip,P0_L_Knee,P0_R_Elbow,P0_R_Hip,P0_R_Knee,P1_L_Elbow,P1_L_Hip,P1_L_Knee,P1_R_Elbow,P1_R_Hip,P1_R_Knee
0,45.304,179.598,174.584,58.257,179.182,164.879,84.120,171.733,158.225,10.898,164.101,166.440
1,45.304,179.598,174.584,58.257,179.182,164.879,84.120,171.733,158.225,10.898,164.101,166.440
2,45.304,179.598,174.584,58.257,179.182,164.879,84.120,171.733,158.225,10.898,164.101,166.440
3,45.304,179.598,174.584,58.257,179.182,164.879,84.120,171.733,158.225,10.898,164.101,166.440
4,45.304,179.598,174.584,58.257,179.182,164.879,84.120,171.733,158.225,10.898,164.101,166.440
5,45.304,179.598,174.584,58.257,179.182,164.879,84.120,171.733,158.225,10.898,164.101,166.440
6,63.762,176.990,174.631,11.310,179.806,162.549,26.565,162.624,168.731,173.577,168.795,158.785
7,63.762,176.990,174.631,11.310,179.806,162.549,26.565,162.624,168.731,173.577,168.795,158.785
8,64.058,175.211,172.235,15.871,179.707,163.157,19.983,163.304,170.020,167.493,169.926,159.548
9,64.058,175.211,172.235,15.871,179.707,163.157,19.983,163.304,170.020,167.493,169.926,159.548
10,54.057,175.544,171.194,21.037,179.700,160.408,23.797,163.269,169.379,86.934,169.711,159.598
11,54.057,175.544,171.194,21.037,179.700,160.408,23.797,163.269,169.379,86.934,169.711,159.598
12,46.172,176.820,172.476,10.237,179.012,165.099,5.194,166.083,174.218,17.642,172.057,164.228
13,46.172,176.820,172.476,10.237,179.012,165.099,5.194,166.083,174.218,17.642,172.057,164.228
14,25.956,178.248,176.569,25.413,177.237,176.619,12.108,178.910,173.920,158.498,176.667,174.684
15,25.956,178.248,176.569,25.413,177.237,176.619,12.108,178.910,173.920,158.498,176.667,174.684
16,29.576,178.241,171.678,31.667,177.456,179.584,80.838,176.776,168.526,90.059,169.338,166.701
17,29.576,178.241,171.678,31.667,177.456,179.584,80.838,176.776,168.526,90.059,169.338,166.701
18,37.875,172.694,166.638,45.895,179.006,174.447,86.758,177.215,169.773,92.622,171.137,169.952
19,37.875,172.694,166.638,45.895,179.006,174.447,86.758,177.215,169.773,92.622,171.137,169.952
20,17.581,174.063,161.791,47.489,179.979,171.525,90.686,176.346,170.399,92.597,170.616,168.585
21,17.581,174.063,161.791,47.489,179.979,171.525,90.686,176.346,170.399,92.597,170.616,168.585
22,61.903,176.902,155.957,36.216,177.865,167.800,102.253,177.666,167.687,99.596,166.973,161.184
23,61.903,176.902,155.957,36.216,177.865,167.800,102.253,177.666,167.687,99.596,166.973,161.184
24,67.343,177.730,155.860,17.038,179.708,170.475,109.340,178.913,162.732,93.170,164.086,156.541
25,67.343,177.730,155.860,17.038,179.708,170.475,109.340,178.913,162.732,93.170,164.086,156.541
26,2.004,173.591,164.902,19.440,177.461,176.569,105.899,177.691,159.963,93.148,162.694,153.997
27,2.004,173.591,164.902,19.440,177.461,176.569,105.899,177.691,159.963,93.148,162.694,153.997
28,109.603,175.766,161.213,100.407,163.843,158.600,31.827,173.609,173.277,41.453,178.965,178.461
29,109.603,175.766,161.213,100.407,163.843,158.600,31.827,173.609,173.277,41.453,178.965,178.461
30,36.870,175.303,174.564,56.310,179.691,177.562,154.346,178.573,165.419,112.356,165.420,160.688
31,36.870,175.303,174.564,56.310,179.691,177.562,154.346,178.573,165.419,112.356,165.420,160.688
32,43.636,176.316,174.074,37.094,177.370,171.609,107.347,178.239,168.989,80.981,167.159,165.662
33,43.636,176.316,174.074,37.094,177.370,171.609,107.347,178.239,168.989,80.981,167.159,165.662
34,47.224,175.450,172.121,31.823,177.387,166.596,102.847,177.152,168.322,86.691,167.766,166.307
35,47.224,175.450,172.121,31.823,177.387,166.596,102.847,177.152,168.322,86.691,167.766,166.307
36,14.840,159.026,145.148,32.353,179.120,166.585,51.806,151.758,142.500,23.499,171.870,161.944
37,14.840,159.026,145.148,32.353,179.120,166.585,51.806,151.758,142.500,23.499,171.870,161.944
38,12.470,159.806,143.329,42.561,175.854,167.270,57.143,150.781,141.487,21.584,176.067,164.754
39,12.470,159.806,143.329,42.561,175.854,167.270,57.143,150.781,141.487,21.584,176.067,164.754
40,28.664,157.533,141.302,3.122,172.624,167.905,60.895,150.781,142.481,13.013,179.141,167.098
41,28.664,157.533,141.302,3.122,172.624,167.905,60.895,150.781,142.481,13.013,179.141,167.098
42,47.963,158.627,143.735,13.638,167.106,174.725,124.542,177.940,167.384,97.975,167.310,166.307
43,47.963,158.627,143.735,13.638,167.106,174.725,124.542,177.940,167.384,97.975,167.310,166.307
44,138.595,160.824,173.350,84.906,172.510,167.360,84.071,162.414,175.271,43.469,164.670,178.714
45,138.595,160.824,173.350,84.906,172.510,167.360,84.071,162.414,175.271,43.469,164.670,178.714
46,115.201,162.962,168.725,72.789,167.777,178.449,67.814,170.129,176.841,54.076,157.382,176.242
47,115.201,162.962,168.725,72.789,167.777,178.449,67.814,170.129,176.841,54.076,157.382,176.242
48,100.791,164.530,177.396,43.812,162.652,180.000,52.782,169.620,176.347,52.946,158.467,176.610
49,100.791,164.530,177.396,43.812,162.652,180.000,52.782,169.620,176.347,52.946,158.467,176.610
50,88.694,168.106,179.142,42.964,158.823,177.091,82.751,165.691,175.376,78.830,168.255,174.732
51,88.694,168.106,179.142,42.964,158.823,177.091,82.751,165.691,175.376,78.830,168.255,174.732
52,62.475,173.466,179.048,35.760,160.738,162.535,54.290,173.456,173.032,38.629,152.029,178.093
53,62.475,173.466,179.048,35.760,160.738,162.535,54.290,173.456,173.032,38.629,152.029,178.093
54,50.309,176.258,173.628,38.880,151.749,177.817,62.154,173.698,177.105,31.025,166.723,151.643
55,50.309,176.258,173.628,38.880,151.749,177.817,62.154,173.698,177.105,31.025,166.723,151.643
56,43.138,177.831,178.668,23.440,157.768,160.642,47.375,173.780,174.822,47.490,178.837,135.486
57,43.138,177.831,178.668,23.440,157.768,160.642,47.375,173.780,174.822,47.490,178.837,135.486
58,2.291,176.197,174.602,1.332,174.691,127.930,26.255,177.035,175.979,8.973,169.184,143.543
59,2.291,176.197,174.602,1.332,174.691,127.930,26.255,177.035,175.979,8.973,169.184,143.543
60,35.238,178.932,171.815,22.975,179.074,155.523,78.836,167.949,175.635,88.958,162.616,176.895
61,35.238,178.932,171.815,22.975,179.074,155.523,78.836,167.949,175.635,88.958,162.616,176.895
62,36.027,179.409,172.656,22.976,178.741,154.814,83.101,167.911,175.587,91.294,163.938,176.248
63,36.027,179.409,172.656,22.976,178.741,154.814,83.101,167.911,175.587,91.294,163.938,176.248
64,18.094,177.064,173.991,22.488,177.000,168.754,12.339,176.315,176.047,78.195,177.186,171.964
65,18.094,177.064,173.991,22.488,177.000,168.754,12.339,176.315,176.047,78.195,177.186,171.964
66,7.640,178.777,176.847,25.320,172.925,175.264,71.470,168.293,176.099,90.616,172.755,173.462
67,7.640,178.777,176.847,25.320,172.925,175.264,71.470,168.293,176.099,90.616,172.755,173.462
68,26.232,173.157,179.284,37.248,171.075,171.803,36.119,174.106,175.687,53.776,166.023,170.198
69,26.232,173.157,179.284,37.248,171.075,171.803,36.119,174.106,175.687,53.776,166.023,170.198
70,40.030,170.571,178.995,53.962,165.917,169.571,29.449,171.893,172.018,47.555,158.023,162.018
71,40.030,170.571,178.995,53.962,165.917,169.571,29.449,171.893,172.018,47.555,158.023,162.018
72,56.505,165.364,177.675,85.426,169.216,179.786,102.782,171.389,179.423,77.023,169.174,163.305
73,56.505,165.364,177.675,85.426,169.216,179.786,102.782,171.389,179.423,77.023,169.174,163.305
74,46.867,168.365,178.889,68.198,168.593,179.130,33.383,162.784,177.534,68.962,159.526,177.547
75,46.867,168.365,178.889,68.198,168.593,179.130,33.383,162.784,177.534,68.962,159.526,177.547
76,43.210,167.471,175.434,70.393,168.416,177.536,27.834,161.167,171.698,78.608,163.159,177.455
77,43.210,167.471,175.434,70.393,168.416,177.536,27.834,161.167,171.698,78.608,163.159,177.455
78,36.604,163.008,160.396,61.928,167.450,176.844,34.547,161.486,177.472,83.917,172.849,178.178
79,36.604,163.008,160.396,61.928,167.450,176.844,34.547,161.486,177.472,83.917,172.849,178.178
80,44.498,162.585,159.183,62.439,170.681,176.985,29.068,160.122,175.222,75.077,174.396,179.942
81,44.498,162.585,159.183,62.439,170.681,176.985,29.068,160.122,175.222,75.077,174.396,179.942
82,41.634,167.307,161.903,58.844,171.170,177.608,5.560,161.668,174.639,50.349,178.458,179.356
83,41.634,167.307,161.903,58.844,171.170,177.608,5.560,161.668,174.639,50.349,178.458,179.356
84,10.408,166.096,175.810,31.420,177.576,179.960,9.462,171.474,161.007,41.386,174.083,179.141
85,10.408,166.096,175.810,31.420,177.576,179.960,9.462,171.474,161.007,41.386,174.083,179.141
86,26.509,171.273,176.488,21.866,178.064,179.253,22.218,174.280,175.491,36.870,175.305,179.212
87,26.509,171.273,176.488,21.866,178.064,179.253,22.218,174.280,175.491,36.870,175.305,179.212
88,36.369,173.888,175.461,6.651,179.054,179.156,10.644,175.879,175.413,50.940,178.508,176.803
89,36.369,173.888,175.461,6.651,179.054,179.156,10.644,175.879,175.413,50.940,178.508,176.803
90,30.324,175.699,170.618,24.272,179.160,176.075,9.688,174.564,172.105,79.566,179.529,179.604
91,30.324,175.699,170.618,24.272,179.160,176.075,9.688,174.564,172.105,79.566,179.529,179.604
92,31.262,175.581,169.791,25.030,179.227,176.119,0.403,175.791,171.468,76.838,179.547,179.604
93,31.262,175.581,169.791,25.030,179.227,176.119,0.403,175.791,171.468,76.838,179.547,179.604
94,5.280,175.183,171.669,2.489,179.126,178.416,11.298,176.154,176.711,9.654,172.662,179.834
95,5.280,175.183,171.669,2.489,179.126,178.416,11.298,176.154,176.711,9.654,172.662,179.834
96,22.092,175.529,169.759,17.228,179.636,179.706,12.532,176.902,168.846,2.531,177.614,177.306
97,22.092,175.529,169.759,17.228,179.636,179.706,12.532,176.902,168.846,2.531,177.614,177.306
98,32.546,173.627,168.124,46.655,179.200,176.028,6.390,177.819,162.603,4.449,168.095,165.303
99,32.546,173.627,168.124,46.655,179.200,176.028,6.390,177.819,162.603,4.449,168.095,165.303
100,30.735,173.708,166.929,45.221,178.859,173.297,72.962,172.592,161.613,24.867,164.745,168.012
101,30.735,173.708,166.929,45.221,178.859,173.297,72.962,172.592,161.613,24.867,164.745,168.012
102,2.231,173.397,163.152,45.284,177.531,170.833,88.099,176.820,168.056,50.574,167.915,171.123
103,2.231,173.397,163.152,45.284,177.531,170.833,88.099,176.820,168.056,50.574,167.915,171.123
104,4.410,179.676,151.223,47.637,174.253,162.537,86.316,171.117,173.049,59.249,164.615,167.029
105,4.410,179.676,151.223,47.637,174.253,162.537,86.316,171.117,173.049,59.249,164.615,167.029
106,0.181,174.384,164.972,45.170,179.960,170.720,79.552,170.850,175.648,38.139,161.873,164.452
107,0.181,174.384,164.972,45.170,179.960,170.720,79.552,170.850,175.648,38.139,161.873,164.452
108,15.018,170.460,172.405,29.015,179.974,173.290,80.545,172.934,175.033,25.132,163.218,167.048
109,15.018,170.460,172.405,29.015,179.974,173.290,80.545,172.934,175.033,25.132,163.218,167.048
110,23.199,174.242,175.614,141.397,178.631,179.286,78.802,171.897,177.908,41.134,162.451,169.446
111,23.199,174.242,175.614,141.397,178.631,179.286,78.802,171.897,177.908,41.134,162.451,169.446
112,46.458,177.106,179.286,119.691,177.571,174.902,79.334,170.571,178.480,39.202,165.964,168.957
113,46.458,177.106,179.286,119.691,177.571,174.902,79.334,170.571,178.480,39.202,165.964,168.957
114,59.398,178.046,178.314,121.429,177.749,173.089,71.929,172.036,174.557,40.570,167.211,167.760
115,59.398,178.046,178.314,121.429,177.749,173.089,71.929,172.036,174.557,40.570,167.211,167.760
116,61.864,174.083,173.976,102.113,178.007,163.587,82.277,176.439,165.584,62.370,167.982,166.307
117,61.864,174.083,173.976,102.113,178.007,163.587,82.277,176.439,165.584,62.370,167.982,166.307
118,65.381,174.897,173.252,125.113,179.166,167.655,83.665,179.150,158.097,50.244,163.394,157.553
119,65.381,174.897,173.252,125.113,179.166,167.655,83.665,179.150,158.097,50.244,163.394,157.553
120,53.922,176.708,175.601,9.872,177.289,172.169,94.091,177.251,154.593,11.449,162.296,154.355
121,53.922,176.708,175.601,9.872,177.289,172.169,94.091,177.251,154.593,11.449,162.296,154.355
122,29.227,177.868,178.943,28.301,175.557,175.738,6.612,175.982,175.734,,178.288,175.006
123,29.227,177.868,178.943,28.301,175.557,175.738,6.612,175.982,175.734,,178.288,175.006
124,33.552,175.820,175.077,32.276,177.437,178.141,84.870,178.085,164.450,73.364,167.048,162.534
125,33.552,175.820,175.077,32.276,177.437,178.141,84.870,178.085,164.450,73.364,167.048,162.534
126,72.898,176.012,164.283,58.663,179.874,175.979,80.455,173.209,172.623,71.207,169.433,169.018
127,72.898,176.012,164.283,58.663,179.874,175.979,80.455,173.209,172.623,71.207,169.433,169.018
128,40.732,178.641,157.786,46.525,177.270,168.137,95.370,171.091,176.952,81.980,170.976,174.098
129,40.732,178.641,157.786,46.525,177.270,168.137,95.370,171.091,176.952,81.980,170.976,174.098
130,13.945,178.350,155.591,30.402,176.538,165.042,82.999,171.772,177.445,78.949,169.610,172.690
131,13.945,178.350,155.591,30.402,176.538,165.042,82.999,171.772,177.445,78.949,169.610,172.690
132,83.751,174.826,172.835,82.467,166.832,168.846,,175.050,159.829,23.095,179.255,168.626
133,83.751,174.826,172.835,82.467,166.832,168.846,,175.050,159.829,23.095,179.255,168.626
134,13.194,171.663,172.776,19.248,179.071,176.685,90.585,175.492,172.095,97.562,165.756,167.611
135,13.194,171.663,172.776,19.248,179.071,176.685,90.585,175.492,172.095,97.562,165.756,167.611
136,19.965,170.154,176.332,16.567,179.121,178.299,85.669,174.818,172.843,94.713,167.378,168.335
137,19.965,170.154,176.332,16.567,179.121,178.299,85.669,174.818,172.843,94.713,167.378,168.335
138,31.776,172.438,178.025,33.436,177.563,176.660,82.335,172.449,176.664,105.748,169.420,170.346
139,31.776,172.438,178.025,33.436,177.563,176.660,82.335,172.449,176.664,105.748,169.420,170.346
140,41.758,175.801,173.343,24.820,175.197,174.289,84.618,170.827,177.973,90.000,170.773,172.347
141,41.758,175.801,173.343,24.820,175.197,174.289,84.618,170.827,177.973,90.000,170.773,172.347
142,45.068,174.269,167.553,1.507,176.863,170.121,81.677,170.900,176.660,85.311,171.168,172.201
143,45.068,174.269,167.553,1.507,176.863,170.121,81.677,170.900,176.660,85.311,171.168,172.201
144,38.120,173.291,164.698,0.942,175.862,168.272,36.066,160.741,152.750,15.524,177.026,167.396
145,38.120,173.291,164.698,0.942,175.862,168.272,36.066,160.741,152.750,15.524,177.026,167.396
146,32.757,170.974,154.776,7.740,172.226,168.181,43.249,148.988,133.511,0.850,177.147,164.773
